seudonimo,rango,bloque,vecino_seudonimo,atribucion
N-01258,1,un salto,P-50957,0.122886
N-01258,2,un salto,N-00051,-0.05511
N-01258,3,un salto,P-27904,-0.035731
N-01258,4,un salto,P-26202,-0.033606
N-01258,5,un salto,P-39623,0.031418
N-29901,1,un salto,P-50957,0.122747
N-29901,2,un salto,N-00051,-0.055084
N-29901,3,un salto,P-27904,-0.035662
N-29901,4,un salto,P-26202,-0.033556
N-29901,5,un salto,P-39623,0.031655
N-11858,1,un salto,P-50957,0.121882
N-11858,2,un salto,N-00051,-0.054416
N-11858,3,un salto,P-27904,-0.035474
N-11858,4,un salto,P-26202,-0.033367
N-11858,5,un salto,P-39623,0.031404
N-21529,1,un salto,P-50957,0.12271
N-21529,2,un salto,N-00051,-0.053557
N-21529,3,un salto,P-27904,-0.035802
N-21529,4,un salto,P-26202,-0.033655
N-21529,5,un salto,P-39623,0.031086
N-09712,1,un salto,P-50957,0.121882
N-09712,2,un salto,N-00051,-0.054416
N-09712,3,un salto,P-27904,-0.035474
N-09712,4,un salto,P-26202,-0.033367
N-09712,5,un salto,P-39623,0.031404
N-33224,1,un salto,P-50957,0.121469
N-33224,2,un salto,N-00051,-0.053844
N-33224,3,un salto,P-27904,-0.0353
N-33224,4,un salto,P-26202,-0.033226
N-33224,5,un salto,P-39623,0.031491
P-39325,1,un salto,P-08924,0.01714
P-39325,2,un salto,N-09877,0.014295
P-39325,3,un salto,P-09545,0.00511
P-39325,4,un salto,P-41020,0.004777
P-39325,5,un salto,P-26023,0.004371
P-29287,1,un salto,P-08924,0.01669
P-29287,2,un salto,N-09877,0.014366
P-29287,3,un salto,P-09545,0.00495
P-29287,4,un salto,P-41020,0.004644
P-29287,5,un salto,P-26023,0.004227
P-44129,1,un salto,P-08924,0.016822
P-44129,2,un salto,N-09877,0.015094
P-44129,3,un salto,P-09545,0.004986
P-44129,4,un salto,P-41020,0.004678
P-44129,5,un salto,P-26023,0.004273
P-30560,1,un salto,P-08924,0.016822
P-30560,2,un salto,N-09877,0.015094
P-30560,3,un salto,P-09545,0.004986
P-30560,4,un salto,P-41020,0.004678
P-30560,5,un salto,P-26023,0.004273
P-37642,1,un salto,P-08924,0.016822
P-37642,2,un salto,N-09877,0.015094
P-37642,3,un salto,P-09545,0.004986
P-37642,4,un salto,P-41020,0.004678
P-37642,5,un salto,P-26023,0.004273
P-38912,1,un salto,P-08924,0.016528
P-38912,2,un salto,N-09877,0.014575
P-38912,3,un salto,P-09545,0.004894
P-38912,4,un salto,P-41020,0.004598
P-38912,5,un salto,P-26023,0.004189
P-47194,1,un salto,P-08924,0.016822
P-47194,2,un salto,N-09877,0.015094
P-47194,3,un salto,P-09545,0.004986
P-47194,4,un salto,P-41020,0.004678
P-47194,5,un salto,P-26023,0.004273
N-36833,1,un salto,UT-43317,0.066305
N-36833,2,dos saltos,N-36833,0.001706
N-36833,3,dos saltos,P-14100,0.001703
N-36833,4,dos saltos,P-44896,0.001703
N-36833,5,dos saltos,N-25776,0.001702
N-22468,1,un salto,P-00158,-0.190885
N-22468,2,un salto,P-20139,0.058051
N-22468,3,dos saltos,P-00158,0.052431
N-22468,4,un salto,N-01939,0.050626
N-22468,5,un salto,N-15398,0.049326
N-16576,1,un salto,P-50957,0.122764
N-16576,2,un salto,N-00051,-0.053555
N-16576,3,un salto,P-27904,-0.035844
N-16576,4,un salto,P-26202,-0.033681
N-16576,5,un salto,P-39623,0.030809
N-25691,1,un salto,P-50957,0.122911
N-25691,2,un salto,N-00051,-0.053569
N-25691,3,un salto,P-27904,-0.035903
N-25691,4,un salto,P-26202,-0.033731
N-25691,5,un salto,P-39623,0.030709
N-19756,1,un salto,UT-36761,0.072997
N-19756,2,un salto,P-01253,0.021405
N-19756,3,un salto,P-41919,0.018678
N-19756,4,un salto,P-41020,0.01324
N-19756,5,dos saltos,UT-46597,0.008591
P-07661,1,un salto,P-30757,0.035919
P-07661,2,un salto,P-09545,0.028878
P-07661,3,un salto,UT-36333,0.019404
P-07661,4,un salto,P-25334,0.019215
P-07661,5,un salto,P-07944,0.01465
P-05867,1,un salto,P-30757,0.036183
P-05867,2,un salto,P-09545,0.029088
P-05867,3,un salto,UT-36333,0.019585
P-05867,4,un salto,P-25334,0.019354
P-05867,5,un salto,P-07944,0.014795
N-29091,1,un salto,UT-36761,0.072426
N-29091,2,un salto,P-01253,0.02137
N-29091,3,un salto,P-41919,0.018644
N-29091,4,un salto,P-41020,0.013212
N-29091,5,dos saltos,UT-46597,0.008579
N-31088,1,un salto,UT-36761,0.073956
N-31088,2,un salto,P-01253,0.02159
N-31088,3,un salto,P-41919,0.018842
N-31088,4,un salto,P-41020,0.013358
N-31088,5,dos saltos,UT-46597,0.008481
N-17686,1,un salto,UT-36761,0.073842
N-17686,2,un salto,P-01253,0.021572
N-17686,3,un salto,P-41919,0.018827
N-17686,4,un salto,P-41020,0.013347
N-17686,5,dos saltos,UT-46597,0.008508
N-29450,1,un salto,UT-36761,0.073668
N-29450,2,un salto,P-01253,0.021576
N-29450,3,un salto,P-41919,0.01883
N-29450,4,un salto,P-41020,0.013349
N-29450,5,dos saltos,UT-46597,0.008446
N-08983,1,un salto,UT-36761,0.074742
N-08983,2,un salto,P-01253,0.021562
N-08983,3,un salto,P-41919,0.018817
N-08983,4,un salto,P-41020,0.013338
N-08983,5,dos saltos,UT-46597,0.008393
N-06078,1,un salto,UT-36761,0.072597
N-06078,2,un salto,P-01253,0.021025
N-06078,3,un salto,P-41919,0.018336
N-06078,4,un salto,P-41020,0.012989
N-06078,5,dos saltos,UT-46597,0.008299
N-11637,1,un salto,UT-36761,0.07091
N-11637,2,un salto,P-01253,0.020918
N-11637,3,un salto,P-41919,0.018242
N-11637,4,un salto,P-41020,0.012921
N-11637,5,dos saltos,UT-46597,0.008355
N-32946,1,un salto,P-08924,0.008618
N-32946,2,un salto,P-04675,0.008135
N-32946,3,un salto,UT-8942,0.005065
N-32946,4,un salto,P-23972,0.004959
N-32946,5,un salto,P-27667,0.004342
P-26282,1,un salto,P-08924,0.008618
P-26282,2,un salto,P-04675,0.008135
P-26282,3,un salto,UT-8942,0.005065
P-26282,4,un salto,P-23972,0.004959
P-26282,5,un salto,P-27667,0.004342
P-02175,1,un salto,P-08924,0.008618
P-02175,2,un salto,P-04675,0.008135
P-02175,3,un salto,UT-8942,0.005065
P-02175,4,un salto,P-23972,0.004959
P-02175,5,un salto,P-27667,0.004342
N-14089,1,un salto,P-08924,0.008618
N-14089,2,un salto,P-04675,0.008135
N-14089,3,un salto,UT-8942,0.005065
N-14089,4,un salto,P-23972,0.004959
N-14089,5,un salto,P-27667,0.004342
N-34565,1,un salto,P-08924,0.008618
N-34565,2,un salto,P-04675,0.008135
N-34565,3,un salto,UT-8942,0.005065
N-34565,4,un salto,P-23972,0.004959
N-34565,5,un salto,P-27667,0.004342
N-04780,1,un salto,P-08924,0.008618
N-04780,2,un salto,P-04675,0.008135
N-04780,3,un salto,UT-8942,0.005065
N-04780,4,un salto,P-23972,0.004959
N-04780,5,un salto,P-27667,0.004342
N-12656,1,un salto,P-08924,0.008618
N-12656,2,un salto,P-04675,0.008135
N-12656,3,un salto,UT-8942,0.005065
N-12656,4,un salto,P-23972,0.004959
N-12656,5,un salto,P-27667,0.004342
P-01131,1,un salto,P-08924,0.008618
P-01131,2,un salto,P-04675,0.008135
P-01131,3,un salto,UT-8942,0.005065
P-01131,4,un salto,P-23972,0.004959
P-01131,5,un salto,P-27667,0.004342
N-06815,1,un salto,P-08924,0.008618
N-06815,2,un salto,P-04675,0.008135
N-06815,3,un salto,UT-8942,0.005065
N-06815,4,un salto,P-23972,0.004959
N-06815,5,un salto,P-27667,0.004342
P-12728,1,un salto,P-08924,0.008618
P-12728,2,un salto,P-04675,0.008135
P-12728,3,un salto,UT-8942,0.005065
P-12728,4,un salto,P-23972,0.004959
P-12728,5,un salto,P-27667,0.004342
N-04616,1,un salto,P-08924,0.008618
N-04616,2,un salto,P-04675,0.008135
N-04616,3,un salto,UT-8942,0.005065
N-04616,4,un salto,P-23972,0.004959
N-04616,5,un salto,P-27667,0.004342
P-42768,1,un salto,P-08924,0.008618
P-42768,2,un salto,P-04675,0.008135
P-42768,3,un salto,UT-8942,0.005065
P-42768,4,un salto,P-23972,0.004959
P-42768,5,un salto,P-27667,0.004342
N-11957,1,un salto,P-08924,0.008618
N-11957,2,un salto,P-04675,0.008135
N-11957,3,un salto,UT-8942,0.005065
N-11957,4,un salto,P-23972,0.004959
N-11957,5,un salto,P-27667,0.004342
P-01495,1,un salto,P-30757,0.035932
P-01495,2,un salto,P-09545,0.028894
P-01495,3,un salto,UT-36333,0.019452
P-01495,4,un salto,P-25334,0.019222
P-01495,5,un salto,P-07944,0.014703
N-28668,1,un salto,UT-36761,0.072211
N-28668,2,un salto,P-01253,0.021174
N-28668,3,un salto,P-41919,0.018468
N-28668,4,un salto,P-41020,0.013084
N-28668,5,dos saltos,UT-46597,0.008321
P-45674,1,un salto,P-08924,0.014913
P-45674,2,un salto,N-09877,0.011891
P-45674,3,un salto,P-09545,0.004413
P-45674,4,un salto,P-41020,0.004155
P-45674,5,un salto,P-26023,0.003721
P-44441,1,un salto,P-08924,0.014913
P-44441,2,un salto,N-09877,0.011891
P-44441,3,un salto,P-09545,0.004413
P-44441,4,un salto,P-41020,0.004155
P-44441,5,un salto,P-26023,0.003721
N-34711,1,un salto,UT-36761,0.076339
N-34711,2,un salto,P-01253,0.022113
N-34711,3,un salto,P-41919,0.019315
N-34711,4,un salto,P-41020,0.013705
N-34711,5,dos saltos,UT-46597,0.008667
N-04763,1,un salto,UT-36761,0.071762
N-04763,2,un salto,P-01253,0.021556
N-04763,3,un salto,P-41919,0.018813
N-04763,4,un salto,P-41020,0.013339
N-04763,5,dos saltos,UT-46597,0.008665
N-36078,1,un salto,UT-36761,0.071316
N-36078,2,un salto,P-01253,0.021477
N-36078,3,un salto,P-41919,0.018742
N-36078,4,un salto,P-41020,0.013287
N-36078,5,dos saltos,UT-46597,0.008627
N-19049,1,un salto,UT-36761,0.071316
N-19049,2,un salto,P-01253,0.021477
N-19049,3,un salto,P-41919,0.018742
N-19049,4,un salto,P-41020,0.013287
N-19049,5,dos saltos,UT-46597,0.008627
P-38672,1,un salto,P-30757,0.034934
P-38672,2,un salto,P-09545,0.028137
P-38672,3,un salto,UT-36333,0.018844
P-38672,4,un salto,P-25334,0.018696
P-38672,5,un salto,P-07944,0.014314
N-29370,1,un salto,UT-36761,0.073261
N-29370,2,un salto,P-01253,0.021383
N-29370,3,un salto,P-41919,0.01866
N-29370,4,un salto,P-41020,0.013228
N-29370,5,un salto,P-16176,0.008265
N-27064,1,un salto,P-50957,0.121485
N-27064,2,un salto,N-00051,-0.051177
N-27064,3,un salto,P-27904,-0.035608
N-27064,4,un salto,P-26202,-0.033433
N-27064,5,un salto,P-39623,0.029438
N-04729,1,un salto,P-50957,0.121485
N-04729,2,un salto,N-00051,-0.051177
N-04729,3,un salto,P-27904,-0.035608
N-04729,4,un salto,P-26202,-0.033433
N-04729,5,un salto,P-39623,0.029438
N-36653,1,un salto,P-00158,-0.176712
N-36653,2,un salto,P-20139,0.057445
N-36653,3,dos saltos,P-00158,0.051473
N-36653,4,un salto,N-01939,0.050011
N-36653,5,un salto,N-15398,0.048688
P-23470,1,un salto,P-08924,0.015274
P-23470,2,un salto,N-09877,0.011879
P-23470,3,un salto,P-09545,0.004523
P-23470,4,un salto,P-41020,0.004257
P-23470,5,un salto,P-26023,0.003814
P-25761,1,un salto,P-08924,0.015274
P-25761,2,un salto,N-09877,0.011879
P-25761,3,un salto,P-09545,0.004523
P-25761,4,un salto,P-41020,0.004257
P-25761,5,un salto,P-26023,0.003814
P-37512,1,un salto,P-08924,0.015274
P-37512,2,un salto,N-09877,0.011879
P-37512,3,un salto,P-09545,0.004523
P-37512,4,un salto,P-41020,0.004257
P-37512,5,un salto,P-26023,0.003814
P-24859,1,un salto,P-08924,0.015274
P-24859,2,un salto,N-09877,0.011879
P-24859,3,un salto,P-09545,0.004523
P-24859,4,un salto,P-41020,0.004257
P-24859,5,un salto,P-26023,0.003814
N-37878,1,un salto,P-27547,0.011755
N-37878,2,un salto,P-15924,0.011198
N-37878,3,un salto,P-00122,0.0065
N-37878,4,un salto,P-11731,0.006043
N-37878,5,un salto,P-08600,0.00461
N-15788,1,un salto,UT-36761,0.072056
N-15788,2,un salto,P-01253,0.02097
N-15788,3,un salto,P-41919,0.018302
N-15788,4,un salto,P-41020,0.012974
N-15788,5,un salto,P-16176,0.008104
P-43430,1,un salto,P-30757,0.033774
P-43430,2,un salto,P-09545,0.027241
P-43430,3,un salto,UT-36333,0.018323
P-43430,4,un salto,P-25334,0.018078
P-43430,5,un salto,P-07944,0.01398
N-15732,1,un salto,P-00158,-0.176268
N-15732,2,un salto,P-20139,0.057471
N-15732,3,dos saltos,P-00158,0.05054
N-15732,4,un salto,N-01939,0.050036
N-15732,5,un salto,N-15398,0.048713
N-17011,1,un salto,UT-36761,0.069683
N-17011,2,un salto,P-01253,0.020524
N-17011,3,un salto,P-41919,0.017905
N-17011,4,un salto,P-41020,0.012689
N-17011,5,un salto,P-16176,0.007938
N-20291,1,un salto,P-20232,0.042152
N-20291,2,un salto,UT-11791,0.030487
N-20291,3,un salto,UT-24279,0.027721
N-20291,4,un salto,P-03038,0.026346
N-20291,5,un salto,P-11964,0.014824
N-32772,1,un salto,P-00122,0.004319
N-32772,2,un salto,P-15948,0.003708
N-32772,3,un salto,P-38590,0.003389
N-32772,4,un salto,P-02628,0.003175
N-32772,5,un salto,P-03417,0.002798
N-15019,1,un salto,P-30757,0.0339
N-15019,2,un salto,P-09545,0.027346
N-15019,3,un salto,UT-36333,0.018347
N-15019,4,un salto,P-25334,0.018152
N-15019,5,un salto,P-07944,0.013977
N-25409,1,un salto,P-00122,0.004379
N-25409,2,un salto,P-15948,0.003913
N-25409,3,un salto,P-38590,0.003561
N-25409,4,un salto,P-02628,0.003341
N-25409,5,un salto,P-03417,0.00295
N-05102,1,un salto,P-00158,-0.172612
N-05102,2,un salto,P-20139,0.056592
N-05102,3,un salto,N-01939,0.049294
N-05102,4,dos saltos,P-00158,0.048279
N-05102,5,un salto,N-15398,0.048103
N-10558,1,un salto,P-00158,-0.172612
N-10558,2,un salto,P-20139,0.056592
N-10558,3,un salto,N-01939,0.049294
N-10558,4,dos saltos,P-00158,0.048279
N-10558,5,un salto,N-15398,0.048103
N-07244,1,un salto,UT-27560,0.025277
N-07244,2,un salto,P-14974,0.013565
N-07244,3,un salto,P-00122,0.011113
N-07244,4,un salto,P-17823,0.007036
N-07244,5,un salto,P-39440,0.006904
N-19511,1,un salto,P-35867,0.039983
N-19511,2,un salto,P-30188,0.019936
N-19511,3,un salto,UT-33644,-0.017186
N-19511,4,un salto,P-43008,0.016114
N-19511,5,un salto,P-34039,0.013505
N-07100,1,un salto,P-35867,0.039385
N-07100,2,un salto,P-30188,0.019749
N-07100,3,un salto,UT-33644,-0.01715
N-07100,4,un salto,P-43008,0.01593
N-07100,5,un salto,P-50953,0.013478
N-29809,1,un salto,P-35867,0.0398
N-29809,2,un salto,P-30188,0.019897
N-29809,3,un salto,UT-33644,-0.017105
N-29809,4,un salto,P-43008,0.016048
N-29809,5,un salto,P-50953,0.013548
P-41332,1,un salto,P-20232,0.041176
P-41332,2,un salto,UT-11791,0.029656
P-41332,3,un salto,UT-24279,0.027004
P-41332,4,un salto,P-03038,0.025721
P-41332,5,un salto,P-11964,0.014454
P-14382,1,un salto,P-20232,0.041176
P-14382,2,un salto,UT-11791,0.029656
P-14382,3,un salto,UT-24279,0.027004
P-14382,4,un salto,P-03038,0.025721
P-14382,5,un salto,P-11964,0.014454
N-25124,1,un salto,P-35867,0.039505
N-25124,2,un salto,P-30188,0.019638
N-25124,3,un salto,UT-33644,-0.017653
N-25124,4,un salto,P-43008,0.01596
N-25124,5,un salto,P-34039,0.013292
N-29614,1,un salto,P-35867,0.039503
N-29614,2,un salto,P-30188,0.019641
N-29614,3,un salto,UT-33644,-0.017469
N-29614,4,un salto,P-43008,0.015954
N-29614,5,un salto,P-34039,0.013294
N-05530,1,un salto,P-08924,0.009554
N-05530,2,un salto,P-04675,0.009247
N-05530,3,un salto,UT-8942,0.00761
N-05530,4,un salto,P-23972,0.005374
N-05530,5,un salto,P-27667,0.004949
P-12747,1,un salto,P-00122,0.005038
P-12747,2,un salto,P-15948,0.0045
P-12747,3,un salto,P-38590,0.004097
P-12747,4,un salto,P-02628,0.003853
P-12747,5,dos saltos,P-00122,0.003721
N-03540,1,un salto,P-35867,0.039451
N-03540,2,un salto,P-30188,0.019459
N-03540,3,un salto,UT-33644,-0.017639
N-03540,4,un salto,P-43008,0.015901
N-03540,5,un salto,P-34039,0.013119
N-27908,1,un salto,P-20232,0.036141
N-27908,2,un salto,UT-11791,0.027725
N-27908,3,un salto,UT-24279,0.025166
N-27908,4,un salto,P-03038,0.022161
N-27908,5,un salto,P-11964,0.012381
P-31841,1,un salto,UT-36761,0.069102
P-31841,2,un salto,P-01253,0.020063
P-31841,3,un salto,P-41919,0.017514
P-31841,4,un salto,P-41020,0.012436
P-31841,5,un salto,P-16176,0.007745
N-17109,1,un salto,P-38590,0.006579
N-17109,2,un salto,P-02628,0.006166
N-17109,3,un salto,P-23785,0.005772
N-17109,4,un salto,P-08600,0.004319
N-17109,5,un salto,P-03578,0.004188
P-49255,1,un salto,P-00058,0.020901
P-49255,2,un salto,UT-36806,0.020788
P-49255,3,un salto,P-06433,0.014217
P-49255,4,un salto,P-18247,0.013408
P-49255,5,un salto,P-37167,0.012133
N-06619,1,un salto,P-23972,0.010077
N-06619,2,un salto,P-27547,0.005036
N-06619,3,un salto,P-15924,0.004765
N-06619,4,un salto,P-25735,-0.004169
N-06619,5,un salto,P-38447,-0.004169
P-42695,1,un salto,P-30757,0.033
P-42695,2,un salto,P-09545,0.026557
P-42695,3,un salto,UT-36333,0.017875
P-42695,4,un salto,P-25334,0.017664
P-42695,5,un salto,P-07944,0.013533
N-25445,1,un salto,P-35867,0.043183
N-25445,2,un salto,P-30188,0.021987
N-25445,3,un salto,UT-33644,-0.019865
N-25445,4,un salto,P-43008,0.017293
N-25445,5,un salto,P-50953,0.015567
P-46283,1,un salto,P-00058,0.020336
P-46283,2,un salto,P-06433,0.013867
P-46283,3,un salto,UT-36806,0.012322
P-46283,4,un salto,P-18247,0.011941
P-46283,5,un salto,P-37167,0.011847
P-47120,1,un salto,P-00158,-0.173066
P-47120,2,un salto,P-20139,0.054372
P-47120,3,un salto,N-01939,0.047371
P-47120,4,un salto,N-15398,0.046177
P-47120,5,dos saltos,P-00158,0.045912
P-45472,1,un salto,UT-28806,0.006155
P-45472,2,un salto,UT-36761,0.004364
P-45472,3,un salto,P-30757,0.002329
P-45472,4,un salto,P-23568,0.00195
P-45472,5,un salto,P-09545,0.00189
N-00679,1,un salto,P-23972,0.010274
N-00679,2,un salto,P-27547,0.005137
N-00679,3,un salto,P-15924,0.004863
N-00679,4,un salto,P-25735,-0.004199
N-00679,5,un salto,P-38447,-0.004199
P-45681,1,un salto,P-04675,0.020117
P-45681,2,un salto,P-09561,0.014994
P-45681,3,un salto,UT-18247,0.013546
P-45681,4,un salto,P-23612,0.00782
P-45681,5,un salto,P-26023,0.00729
P-23727,1,un salto,P-04675,0.019943
P-23727,2,un salto,P-09561,0.015061
P-23727,3,un salto,UT-18247,0.013451
P-23727,4,un salto,P-23612,0.007765
P-23727,5,un salto,P-26023,0.007244
P-35249,1,un salto,P-04675,0.019938
P-35249,2,un salto,P-09561,0.015036
P-35249,3,un salto,UT-18247,0.013446
P-35249,4,un salto,P-23612,0.007762
P-35249,5,un salto,P-26023,0.007241
N-21614,1,un salto,P-45530,0.017841
N-21614,2,un salto,P-24933,0.009023
N-21614,3,un salto,P-24419,0.008448
N-21614,4,un salto,P-39623,0.007141
N-21614,5,un salto,UT-28737,0.00713
P-20714,1,un salto,UT-36761,0.012883
P-20714,2,un salto,UT-43317,0.004716
P-20714,3,un salto,P-08924,0.002204
P-20714,4,un salto,P-04675,0.002027
P-20714,5,un salto,P-13072,0.001416
N-24708,1,un salto,P-38590,0.00676
N-24708,2,un salto,P-02628,0.006341
N-24708,3,un salto,P-23785,0.005952
N-24708,4,un salto,P-08600,0.00443
N-24708,5,un salto,P-03578,0.004293
P-17188,1,un salto,P-04675,0.019648
P-17188,2,un salto,P-09561,0.014868
P-17188,3,un salto,UT-18247,0.013254
P-17188,4,un salto,P-23612,0.007653
P-17188,5,un salto,P-26023,0.00714
P-01034,1,un salto,P-04675,0.019935
P-01034,2,un salto,P-09561,0.014971
P-01034,3,un salto,UT-18247,0.013438
P-01034,4,un salto,P-23612,0.007755
P-01034,5,un salto,P-26023,0.007234
N-23903,1,un salto,P-00058,0.015822
N-23903,2,un salto,P-06433,0.010754
N-23903,3,un salto,P-18247,0.009185
N-23903,4,un salto,P-37167,0.009176
N-23903,5,un salto,UT-36806,0.008803
N-11796,1,un salto,P-00058,0.015344
N-11796,2,un salto,P-06433,0.010453
N-11796,3,un salto,P-18247,0.008974
N-11796,4,un salto,P-37167,0.008909
N-11796,5,un salto,UT-36806,0.008796
